token,frequency
beatles,5
formed,2
are,1
widely,1
as,3
one,2
of,9
most,2
influential,2
history,1
music,5
their,11
innovative,3
approach,1
to,6
songwriting,2
and,20
recording,2
industry,1
left,1
lasting,1
impact,1
on,1
popular,1
culture,1
is,1
by,2
intricate,1
vocal,1
blending,1
various,1
they,2
were,1
with,3
studio,1
backward,1
variable,1
speed,1
unconventional,1
lyrics,1
evolved,1
from,4
simple,1
love,2
more,1
sophisticated,1
introspective,1
often,1
reflecting,1
social,1
personal,1
experiences,1
inspiration,1
variety,1
earlier,1
rock,2
roll,1
artists,1
like,3
chuck,1
led,2
pop,1
buddy,1
holly,1
rhythmic,1
elements,1
soul,3
all,2
influenced,1
musical,1
style,1
band,2
career,2
can,1
be,2
divided,1
into,1
distinct,1
early,2
years,1
lineup,2
began,1
gaining,1
popularity,1
breakthrough,1
came,1
release,1
do,1
leading,1
period,1
saw,1
significant,1
rubber,2
pepper,1
lonely,1
hearts,1
club,1
despite,1
continued,1
success,1
internal,1
breakup,1
core,1
john,1
rhythm,1
guitar,2
bass,2
lead,1
included,1
best,1
discography,1
seminal,1
please,2
revolver,1
album,1
abbey,1
road,1
hit,1
such,1
want,1
hold,1
your,1
hand,1
hey,1
let,1
it,1
became,1
timeless,1
classics,1
summary,1
memorable,1
have,1
cemented,1
legacy,1
greatest,1
time,1
